nombreSeccion;responsableApodo
Seccion 01;MaestreLupo
Seccion 02;SargentoCesar
Seccion 03;GuardiaAna
Seccion 04;GuardiaMario
Seccion 05;GuardiaElena
Seccion 06;GuardiaInes
Seccion 07;GuardiaPedro
Seccion 08;GuardiaLucia
Seccion 09;GuardiaJavier
Seccion 10;GuardiaMarta
Seccion 11;GuardiaRaul
Seccion 12;GuardiaNora
Seccion 13;GuardiaDiego
Seccion 14;GuardiaSara
Seccion 15;GuardiaIvan
Seccion 16;GuardiaCarla
Seccion 17;GuardiaHugo
Seccion 18;GuardiaRosa
Seccion 19;GuardiaMateo
Seccion 20;SargentoPaula
Seccion 21;GuardiaJoel
Seccion 22;GuardiaAlma
Seccion 23;GuardiaHector
Seccion 24;GuardiaEva
Seccion 25;GuardiaBruno
Seccion 26;GuardiaIrene
Seccion 27;GuardiaMarco
Seccion 28;GuardiaTeresa
Seccion 29;GuardiaAdrian
Seccion 30;SargentoSilvia
Seccion 31;GuardiaToni
Seccion 32;GuardiaClara
Seccion 33;GuardiaSergio
Seccion 34;GuardiaMarina
Seccion 35;GuardiaOscar
Seccion 36;GuardiaNoa
Seccion 37;GuardiaKevin
Seccion 38;GuardiaMarta2
Seccion 39;GuardiaAndres
Seccion 40;SargentoVeronica
Seccion 41;GuardiaRuben
Seccion 42;GuardiaElsa
Seccion 43;GuardiaPablo
Seccion 44;GuardiaSilvia
Seccion 45;GuardiaRaul2
Seccion 46;GuardiaElena2
Seccion 47;GuardiaSamuel
Seccion 48;GuardiaLucia2
Seccion 49;GuardiaDaniel
Seccion 50;SargentoAlicia